t_ms,ax_mps2,ay_mps2,az_mps2
36,-0.1569,-0.5492,9.5713
56,0.1569,-0.5492,10.0028
76,0.0000,-0.7061,9.6105
96,-0.2746,-0.5492,10.0420
116,0.4315,-0.7061,9.9636
136,-0.0785,-0.6669,9.4928
156,-0.1569,-0.3530,10.1989
176,0.4315,-0.5099,9.0221
196,-0.1569,-0.4315,9.8459
216,0.1961,-0.2746,10.0028
236,0.3138,-0.5884,9.1398
256,-0.1177,-0.5099,10.6304
276,-0.1569,-0.6276,9.9636
296,0.0785,-0.5884,9.1006
316,0.1569,-0.7061,10.4735
336,-0.1177,-0.4707,9.2183
356,0.1569,-0.4707,9.9636
376,0.1961,-0.8630,9.7282
396,-0.3138,-0.3923,9.6497
416,0.3138,-0.6669,9.8851
436,0.0392,-0.6669,9.1398
456,-0.2354,-0.5492,10.5912
476,0.2746,-0.8238,9.5321
496,-0.0392,-0.5884,9.1006
516,-0.1569,-0.5884,10.5912
536,0.3530,-0.5884,9.1006
556,0.0785,-0.2354,9.4928
576,-0.0392,-0.6669,10.4735
596,0.1177,-0.5884,8.7083
616,0.1961,-0.4315,10.2381
636,0.0000,-0.7061,9.6890
656,0.1177,-0.4315,9.1398
676,0.1569,-0.7453,10.5912
696,-0.1569,-0.5099,9.6890
716,0.1569,-0.5492,10.2381
736,0.1177,-0.6276,9.8459
756,-0.1177,-0.3530,9.4928
776,0.3138,-0.5099,10.1205
796,-0.0392,-0.6276,9.1790
816,-0.2746,-0.6669,9.8851
836,0.2354,-0.6669,9.5321
856,-0.0785,-0.4707,9.8851
876,0.0392,-0.5884,10.1989
896,0.1961,-0.6669,9.0613
916,-0.1177,-0.3530,10.7481
936,0.1569,-0.8238,8.9044
956,-0.1569,-0.3138,9.7674
976,0.1569,-0.6276,10.7481
996,0.0785,-0.4315,8.3553
1016,-0.0785,-0.3530,10.3950
1036,0.1569,-0.6276,9.7282
1056,-0.2354,-0.4315,9.8067
1076,0.3138,-0.6276,10.0812
1096,0.0785,-0.4707,9.3359
1116,-0.2746,-0.4707,9.8459
1136,-0.1569,-1.0199,9.7674
1156,0.0392,-0.4315,10.0420
1176,0.1177,-0.5884,10.7481
1196,-0.0785,-0.4707,8.9437
1216,0.1569,-0.3138,9.4536
1236,0.0785,-0.5884,9.8067
1256,0.0785,-0.5099,9.4928
1276,0.1177,-0.4707,10.3166
1296,-0.0392,-1.0591,8.8652
1316,0.0392,-0.5099,10.1597
1336,0.3530,-0.7061,9.9243
1356,-0.0785,-0.7061,9.8459
1376,0.0392,-0.7453,10.7481
1396,0.3138,-0.5884,9.2575
1416,-0.2354,-0.5884,9.0221
1436,0.0785,-0.8630,10.4735
1456,0.2746,-0.5884,9.0613
1476,-0.2354,-0.6669,10.3950
1496,0.1569,-0.7453,8.9437
1516,0.5099,-0.3530,8.9437
1536,-0.0392,-0.7061,10.9442
1556,0.1961,-0.9414,8.7475
1576,0.0000,-0.4315,10.0812
1596,-0.0392,-0.5884,9.8067
1616,0.0392,-0.3530,9.1790
1636,0.1569,-0.6276,10.3950
1656,-0.1569,-0.5099,9.1006
1676,0.1569,-0.3923,9.9243
1696,-0.0392,-0.8238,9.9243
1716,-0.1177,-0.3923,9.6890
1736,0.4315,-0.6669,10.3166
1756,0.1177,-0.4315,9.1006
1776,-0.2354,-0.3923,9.9243
1796,0.1961,-0.7845,9.9243
1816,-0.0392,-0.4315,9.1790
1836,-0.0392,-0.5099,10.6304
1856,0.3138,-0.5884,9.4536
1876,0.0000,-0.2746,10.0420
1896,0.0000,-0.7061,10.4735
1916,0.0392,-0.3530,8.9829
1936,0.2354,-0.4315,9.8067
1956,-0.1569,-0.5099,10.6696
1976,0.0785,-0.1177,9.5713
1996,0.3923,-0.5492,9.7282
2016,-0.0785,-0.3138,9.7674
2036,0.1177,-0.1961,10.1597
2056,0.1961,-0.8630,9.8851
2076,-0.3138,-0.3530,9.6890
2096,0.3138,-0.6669,10.5912
2116,-0.0392,-0.5492,8.7083
2136,0.2354,-0.1177,9.5713
2156,0.1177,-0.7453,10.0028
2176,-0.1961,-0.5884,9.6105
2196,0.0785,-0.7061,9.9636
2216,0.1569,-0.4315,9.8851
2236,-0.0392,-0.2354,9.6497
2256,-0.0392,-0.6669,9.8851
2276,0.0785,-0.5884,9.5321
2296,0.0392,-0.4707,10.4735
2316,-0.0785,-0.8630,9.8459
2336,0.0392,0.0000,10.1205
2356,0.4707,-0.7061,9.3752
2376,-0.0785,-0.3530,8.9829
2396,0.1961,-0.5099,10.4343
2416,0.2746,-0.8238,9.4928
2436,-0.1961,-0.6276,9.6890
2456,0.0785,-0.5099,10.5520
2476,0.0392,-0.6669,9.1398
2496,0.0392,-0.5099,10.0028
2516,0.1569,-0.6669,10.1597
2536,-0.0785,-0.5492,8.9437
2556,0.1961,-0.5884,10.4735
2576,-0.0392,-0.4707,9.5321
2596,0.0392,-0.5099,9.4928
2616,0.1961,-0.8238,10.2774
2636,-0.2354,-0.3530,9.5713
2656,0.0785,-0.2354,10.3166
2676,0.0785,-0.7061,9.2967
2696,-0.0392,-0.3138,9.6105
2716,0.1569,-0.5492,9.9243
2736,0.0000,-0.3530,9.4144
2756,0.2746,-0.3923,9.5713
2776,0.0392,-1.0983,9.7674
2796,-0.0785,-0.5884,10.0028
2816,0.3530,-0.6276,10.1597
2836,-0.1569,-0.7061,8.8652
2856,-0.1177,-0.3923,9.8067
2876,0.1569,-0.9022,9.8851
2896,0.0392,-0.6669,9.8851
2916,0.2354,-0.5884,10.2381
2936,0.0392,-0.3923,8.9829
2956,0.0392,-0.1569,9.8459
2976,0.1961,-0.8630,10.3950
2996,-0.1569,-0.8238,9.3359
3016,0.0000,-0.4315,10.3166
3036,0.0392,-0.7061,9.6497
3056,0.0392,-0.3530,9.2183
3076,0.0000,-0.6669,10.5127
3096,0.0785,-0.3923,8.8260
3116,0.3138,-0.1569,10.3950
3136,-0.1177,-0.4707,10.2774
3156,0.0000,-0.0392,9.4536
3176,0.3530,-0.1961,10.7873
3196,-0.1177,-0.3530,9.2183
3216,0.1177,-0.3923,10.1205
3236,-0.1569,-0.7845,10.2381
3256,-0.0785,-0.3530,9.5321
3276,0.2354,-0.4707,10.1989
3296,0.0392,-0.6669,9.1398
3316,-0.1177,-0.6276,10.1597
3336,0.3138,-0.9022,9.5713
3356,-0.0785,-0.5492,9.4928
3376,0.0000,-0.3923,10.2381
3396,0.0785,-0.4315,9.2183
3416,0.0000,-0.3530,9.5321
3436,0.0785,-0.5884,10.2381
3456,0.0785,-0.7061,9.7674
3476,0.2354,-0.4315,10.0420
3496,-0.1569,-0.5492,9.4928
3516,0.1569,-0.6276,9.7674
3536,0.1177,-0.7061,9.5713
3556,-0.2354,-0.7453,9.2967
3576,0.0392,-0.4707,10.4343
3596,-0.0785,-0.6276,9.2183
3616,-0.0785,-0.6276,10.0420
3636,0.2354,-0.8630,10.7089
3656,-0.0392,-0.4315,8.8260
3676,-0.1569,-0.3530,9.6890
3696,0.2354,-0.5099,9.6105
3716,-0.0785,-0.4315,9.7282
3736,0.0785,-1.1376,10.0028
3756,-0.0785,-0.4707,9.2183
3776,0.1177,-0.4315,10.0028
3796,0.0392,-0.7061,9.0221
3816,-0.3138,-0.2354,10.5912
3836,0.5099,-0.7453,9.8459
3856,0.0785,-0.5492,8.9829
3876,-0.1177,-0.3138,10.4343
3896,0.1569,-0.7453,9.2967
3916,-0.1177,-0.3923,9.8851
3936,0.1177,-0.9414,9.6890
3956,0.1177,-0.7453,8.9044
3976,0.1569,-0.5492,10.2381
3996,0.0785,-0.7845,9.4928
4016,-0.0785,-0.5099,9.9243
4036,0.3530,-0.6276,9.9636
4056,-0.1569,-0.1569,9.1006
4076,0.1569,-0.5492,9.9243
4096,0.0785,-0.6276,9.9243
4116,-0.0392,-0.2746,9.5321
4136,0.3530,-0.5492,10.1597
4156,0.0392,-0.6669,9.2967
4176,-0.0785,-0.2354,9.8459
4196,0.2354,-0.9807,10.1597
4216,-0.0392,-0.5099,9.2575
4236,0.0000,-0.3923,10.5127
4256,0.0785,-0.6276,9.3359
4276,0.0392,-0.3923,9.4928
4296,0.0392,-0.6276,10.2774
4316,0.1177,-0.5884,9.3752
4336,0.1177,-0.4707,10.2381
4356,-0.0392,-0.5492,9.5713
4376,0.1177,-0.3530,9.2575
4396,0.2354,-0.5884,10.2381
4416,-0.1177,-0.5492,9.4928
4436,0.1569,-0.5099,10.2774
4456,0.0392,-0.5492,9.8067
4476,0.1177,-0.3530,9.3752
4496,0.2746,-0.5099,10.3950
4516,-0.1961,-0.7453,9.9636
4536,0.0392,-0.6276,9.8459
4556,0.1569,-0.7061,10.4343
4576,-0.1569,-0.3530,8.9044
4596,0.3138,-0.5099,10.1597
4616,0.0785,-0.4707,9.8067
4636,-0.0785,-0.5492,9.6497
4656,0.2354,-0.7845,10.0028
4676,-0.1177,-0.4315,9.2575
4696,0.0392,-0.3923,10.0028
4716,0.0392,-0.5099,9.5321
4736,0.2354,-0.1961,9.8851
4756,0.1177,-0.9022,9.8851
4776,-0.3138,-0.7061,9.2575
4796,0.1961,-0.4707,11.0227
4816,0.2354,-0.5884,8.9044
4836,-0.0785,-0.3923,9.8851
4856,0.2354,-0.5492,10.3166
4876,-0.0392,-0.4315,9.2575
4896,0.0785,-0.7453,10.6696
4916,0.2354,-0.5884,9.8851
4936,-0.0785,-0.2746,9.0221
4956,0.0000,-0.7061,10.2774
4976,-0.0785,-0.4707,9.4144
4996,0.0785,-0.4707,9.6497
5016,0.0392,-1.0591,10.0420
5036,-0.0392,-0.3530,9.2575
5056,0.2354,-0.4315,10.3950
5076,0.0392,-0.5884,9.1006
5096,0.1961,-0.2354,9.6105
5116,0.0392,-0.7845,10.2381
5136,-0.1569,-0.4315,9.4144
5156,0.3530,-0.4315,10.2774
5176,-0.1569,-0.9022,9.4928
5196,0.1569,-0.2354,9.3752
5216,0.1177,-0.6669,10.5127
5236,-0.1961,-0.5492,9.3752
5256,0.2354,0.0392,9.9243
5276,0.1569,-0.5099,9.6890
5296,0.0000,-0.3530,9.1398
5316,0.0392,-0.5492,10.4735
5336,0.1177,-0.4707,8.8652
5356,0.0392,-0.3530,9.6105
5376,0.0785,-0.8238,9.8851
5396,0.0000,-0.4315,9.4144
5416,0.1569,-0.7453,10.1597
5436,0.0000,-0.8630,9.4928
5456,0.2354,-0.2746,9.7674
5476,0.0000,-0.5884,10.4343
5496,0.0785,-0.6276,8.9437
5516,0.1569,-0.5099,10.2381
5536,-0.1177,-0.6669,9.6105
5556,0.1569,-0.4315,9.2183
5576,0.1569,-0.5884,11.0619
5596,-0.2746,-0.7061,8.8652
5616,0.3138,-0.1961,10.0420
5636,0.1177,-0.7061,9.7674
5656,-0.1961,-0.3923,9.7674
5676,0.4707,-0.5884,10.2774
5696,-0.0392,-0.7845,9.1006
5716,0.0000,-0.6276,10.0028
5736,0.0785,-0.7061,9.9243
5756,-0.1569,-0.5099,9.9636
5776,0.2354,-0.7061,10.3166
5796,-0.0392,-0.5492,8.7868
5816,0.2354,-0.3923,9.8067
5836,0.0000,-0.7061,10.3166
5856,-0.0392,-0.4707,9.2183
5876,0.3138,-0.5099,10.2774
5896,-0.1177,-0.5099,9.2575
5916,0.1961,-0.4315,9.5713
5936,0.2354,-0.6669,10.2381
5956,-0.1569,-0.5099,9.5713
5976,0.3530,-0.7845,10.1205
5996,0.0392,-0.6669,9.6105
6016,-0.0392,-0.2746,9.4928
6036,0.1961,-0.6669,10.7873
6056,0.0000,-0.6276,9.1006
6076,0.1177,-0.1569,10.7089
6096,-0.0392,-0.7453,9.1790
6116,0.0392,-0.4315,9.5713
6136,-0.0392,-0.7453,10.3950
6156,0.1177,-0.3530,9.5321
6176,0.2354,-0.4315,9.9636
6196,0.1569,-0.9022,8.9437
6216,0.0392,-0.4707,10.3950
6236,0.3530,-0.6669,9.8067
6256,-0.1569,-0.2746,9.2183
6276,0.0000,-0.3138,10.4735
6296,0.2746,-0.6276,9.4536
6316,-0.1569,-0.2746,10.3558
6336,0.2354,-0.6276,10.4735
6356,0.1177,-0.6276,9.2575
6376,-0.0785,-0.4315,10.3558
6396,0.2746,-0.5884,9.6497
6416,-0.0785,-0.5099,10.0812
6436,0.1177,-0.7453,10.1989
6456,0.3138,-0.3138,8.6299
6476,-0.0785,-0.8238,10.3166
6496,0.0785,-0.7845,10.2381
6516,0.1961,-0.1177,9.3359
6536,0.1569,-0.8238,10.5912
6556,0.1177,-0.5492,8.7083
6576,0.0392,-0.3923,10.2774
6596,-0.0392,-1.0591,10.3558
6616,0.0000,-0.3923,9.2967
6636,0.1177,-0.3138,9.8459
6656,-0.0392,-0.6669,9.6105
6676,-0.1177,-0.4707,9.7674
6696,0.2354,-0.5884,9.9636
6716,-0.0392,-0.5099,9.4536
6736,0.1961,-0.4707,10.1597
6756,-0.0785,-0.5884,9.4536
6776,0.0392,-0.5492,9.5321
6796,0.3138,-0.7845,10.5520
6816,-0.2354,-0.3530,9.4536
6836,0.3530,-0.4707,10.0028
6856,0.0392,-0.7061,9.6105
6876,-0.1569,-0.4315,9.6105
6896,0.4315,-0.6276,10.1597
6916,-0.0392,-0.3923,9.1398
6936,-0.0785,-0.5492,10.0420
6956,0.1177,-0.6669,10.0812
6976,-0.1177,-0.3530,9.8067
6996,0.1961,-0.5099,10.1597
7016,-0.0785,-0.5099,9.5321
7036,0.1569,-0.1961,9.9243
7056,0.1177,-0.7453,10.1205
7076,0.0785,-0.1569,9.3752
7096,0.3138,-0.3923,10.0420
7116,-0.1177,-0.7453,9.3752
7136,-0.0392,-0.3923,9.7674
7156,0.0392,-0.4707,10.2774
7176,-0.0785,-0.6276,9.4536
7196,0.2746,-0.4707,9.6890
7216,0.1177,-0.7453,9.6105
7236,-0.0392,-0.3530,10.1205
7256,0.3923,-0.9807,9.6497
7276,-0.0392,-0.6276,8.9829
7296,0.0785,-0.4315,10.3950
7316,0.1177,-0.8238,9.3752
7336,-0.1177,-0.6276,9.6105
7356,0.0000,-0.7061,10.7089
7376,0.0392,-0.5492,8.8260
7396,-0.1569,-0.4707,10.1597
7416,0.0785,-0.8238,9.8459
7436,0.1569,-0.2354,9.0613
7456,0.1569,-0.7061,9.9636
7476,-0.1569,-0.5099,9.4928
7496,0.0785,-0.4707,9.7282
7516,0.1569,-0.7453,9.8459
7536,-0.2354,-0.3138,9.3752
7556,0.2746,-0.8238,10.1989
7576,0.0000,-0.5884,9.3752
7596,-0.1177,-0.3923,9.9636
7616,0.2354,-0.9414,10.1205
7636,-0.0785,-0.5099,9.0221
7656,-0.0392,-0.3923,10.2774
7676,0.1569,-0.9022,9.4144
7696,-0.0392,-0.3138,9.8851
7716,0.1961,-0.5492,9.9243
7736,-0.0392,-0.6669,9.6497
7756,0.0000,-0.3530,9.7674
7776,0.0785,-0.5884,9.8459
7796,-0.0392,-0.3923,9.7674
7816,0.0785,-0.6276,10.7089
7836,-0.0785,-0.5099,9.1398
7856,0.1569,-0.1569,10.5912
7876,0.1177,-0.7845,10.0028
7896,-0.0392,-0.1569,9.3359
7916,0.1569,-0.6276,10.4343
7936,-0.0785,-0.5492,9.1398
7956,-0.0785,-0.4707,10.1597
7976,0.4707,-0.8630,9.5713
7996,-0.0392,-0.3530,9.4928
8016,0.0392,-0.1569,9.7282
8036,0.1961,-0.5492,9.4144
8056,-0.0785,-0.3923,10.5520
8076,0.1961,-0.6669,9.8851
8096,0.0392,-0.3923,8.9044
8116,-0.1569,-0.2746,10.5520
8136,0.2746,-0.6276,9.1398
8156,0.0000,-0.4315,9.4928
8176,-0.1961,-0.8630,10.9050
8196,-0.0785,-0.7845,9.1006
8216,0.0000,-0.4707,10.3558
8236,0.1569,-0.7453,9.1790
8256,0.1177,-0.2354,9.5713
8276,0.3530,-0.7061,10.2381
8296,-0.1177,-0.6669,9.3359
8316,0.1177,-0.5099,9.8459
8336,0.1961,-0.6669,10.0812
8356,0.0000,-0.3530,9.5321
8376,0.0392,-0.5492,9.7674
8396,0.0392,-0.7845,9.6890
8416,-0.0785,-0.4315,9.5321
8436,0.0785,-0.7845,10.3166
8456,0.1177,-0.4315,9.1006
8476,0.0785,-0.5492,9.8459
8496,0.0392,-0.9022,9.8459
8516,0.1177,-0.5099,9.7282
8536,0.2354,-0.8238,10.1205
8556,-0.1961,-0.3530,9.5321
8576,0.0000,-0.3530,9.4928
8596,0.1961,-0.6669,9.8459
8616,0.1177,-0.2354,9.6105
8636,0.1569,-0.9414,11.0619
8656,0.1569,-0.3530,8.7868
8676,0.0392,-0.1569,9.4536
8696,0.1961,-1.0591,9.7282
8716,0.1177,-0.6276,9.6890
8736,0.0000,-0.6276,9.6497
8756,0.1961,-0.7061,9.6890
8776,-0.1177,-0.5492,10.2774
8796,0.0785,-0.9022,9.4144
8816,-0.1177,-0.5884,9.6497
8836,0.1177,-0.6276,10.3166
8856,0.0000,-0.5884,8.9437
8876,0.0785,-0.3530,10.5127
8896,0.3923,-1.0199,9.7674
8916,-0.3138,-0.4315,9.3752
8936,0.0785,-0.7453,10.6304
8956,0.2354,-0.6276,9.5713
8976,-0.2746,-0.4707,9.8067
8996,-0.1569,-0.7453,10.1205
9016,0.0785,-0.6276,9.1006
9036,-0.0392,-0.5099,10.7481
9056,-0.1177,-0.5099,9.1006
9076,0.2746,-0.3530,9.9243
9096,0.3138,-0.7061,9.8851
9116,-0.0392,-0.3530,9.2967
9136,0.3530,-0.5884,10.0812
9156,0.0392,-0.5884,9.2575
9176,-0.0785,-0.3923,10.2774
9196,0.2746,-0.7061,10.1597
9216,-0.1569,-0.4707,9.1006
9236,-0.0392,-0.7061,10.1597
9256,0.0000,-0.8630,9.5321
9276,0.0000,-0.3530,9.8459
9296,0.0785,-0.7453,10.1989
9316,-0.0392,-0.3923,9.3752
9336,0.0785,-0.5099,9.6890
9356,-0.0392,-0.6276,9.2575
9376,0.0785,-0.5099,9.5713
9396,0.1177,-0.5099,10.2774
9416,-0.1177,-0.7061,9.3359
9436,0.2746,-0.3530,9.8067
9456,0.0392,-0.6276,10.1989
9476,-0.1569,-0.3530,9.9243
9496,0.4707,-0.7061,9.8459
9516,-0.2746,-0.5884,10.2774
9536,0.0785,-0.1961,9.4928
9556,0.1961,-0.7845,9.7674
9576,-0.3923,-0.4707,10.1205
9596,0.3138,-0.6276,10.1597
9616,0.2354,-0.5099,9.3359
9636,-0.1177,-0.3530,9.8459
9656,0.2354,-0.7845,10.0812
9676,0.1177,-0.3138,9.6497
9696,0.0000,-0.5099,9.2575
9716,0.0785,-0.7453,9.6890
9736,0.1177,-0.3923,9.7282
9756,-0.0392,-1.0199,10.0028
9776,0.1961,-0.6276,9.6890
9796,0.1177,-0.4707,10.0420
9816,-0.0785,-0.9807,9.6105
9836,0.1961,-0.6669,9.2183
9856,0.2354,-1.0199,11.1796
9876,0.0785,-0.6669,8.8652
9896,-0.0392,-0.3530,9.9243
9916,0.1569,-0.7845,10.0812
9936,-0.0785,-0.2746,9.1398
9956,0.1177,-0.5099,9.7282
9976,0.0785,-0.7845,9.9636
9996,0.0000,-0.3923,9.3359
10016,0.3138,-0.5884,10.0420
10036,-0.0392,-0.4707,9.3752
10056,0.0392,-0.6276,10.1597
10076,0.0785,-0.5884,9.3359
10096,0.0785,-0.3138,9.7674
10116,0.2746,-0.7061,10.1989
10136,-0.2354,-0.3923,9.6497
10156,0.0785,-0.5884,10.2774
10176,0.1569,-0.6669,9.3359
10196,-0.0785,-0.1569,9.7282
10216,0.2746,-0.7061,10.3166
10236,0.0785,-0.7453,9.0613
10256,0.1177,-0.3923,9.6105
10276,0.0000,-0.5884,10.7873
10296,-0.0392,-0.5099,9.0221
10316,0.1961,-0.6276,9.4928
10336,-0.0392,-0.6276,9.2183
10356,0.1177,-0.5492,10.2774
10376,0.0392,-0.8630,10.5127
10396,-0.1177,-0.6276,10.0420
10416,0.1961,-0.2746,9.6497
10436,0.0000,-0.6276,9.5713
10456,0.0392,-0.4707,9.6105
10476,0.0785,-0.6669,10.5520
10496,0.0000,-0.3530,9.1006
10516,0.3138,-0.4707,9.8067
10536,0.0785,-0.5884,9.7282
10556,0.0000,0.1177,9.5713
10576,0.5099,-0.6276,10.2774
10596,-0.1177,-0.3923,9.1006
10616,-0.0392,-0.2746,10.0420
10636,0.1961,-0.9022,9.7674
10656,-0.3530,-0.3138,8.9437
10676,0.0000,-0.7845,10.6696
10696,0.1569,-0.3923,9.2183
10716,-0.1177,-0.1569,9.7282
10736,0.2354,-0.9022,10.0420
10756,-0.1177,-0.3138,9.2575
10776,0.0785,-0.5492,10.3950
10796,0.0000,-0.6276,9.5321
10816,0.0392,-0.5492,9.4536
10836,0.1569,-0.7845,10.3558
10856,-0.0785,-0.5099,9.9243
10876,0.1177,-0.6669,10.4343
10896,0.1961,-0.3530,8.7868
10916,0.0000,-0.3138,9.7282
10936,0.2354,-0.8630,10.4735
10956,0.0392,-0.3138,9.1790
10976,0.0785,-0.4315,10.3166
10996,0.1961,-0.5492,9.5321
11016,-0.0785,-0.2354,9.4144
11036,0.1177,-0.7845,10.3558
11056,-0.0392,-0.5492,9.4536
11076,-0.0392,-0.5099,10.0028
11096,0.0392,-0.5099,9.8067
11116,0.2354,-0.0785,9.2967
11136,0.0000,-0.7845,10.5912
11156,0.0392,-0.3530,9.2183
11176,0.1177,-0.5884,9.8459
11196,0.0392,-0.6669,10.0812
11216,0.0000,-0.3530,9.0221
11236,0.0000,-0.7845,10.5520
11256,0.0000,-0.5099,8.9437
11276,-0.0785,-1.1376,10.2381
11296,0.2354,-0.7453,9.4928
11316,0.4707,-0.4707,10.6304
11336,0.0392,-0.3923,9.8067
11356,-0.1961,-1.2945,8.9437
11376,-0.4315,-1.5691,10.7481
11396,0.0392,-0.6276,9.4928
11416,0.1177,0.3923,9.2575
11436,-0.1961,0.2354,11.4149
11456,0.9807,0.4315,8.3945
11476,-0.4707,-0.2746,10.3166
11496,-1.3337,-0.0392,10.7089
11516,-0.6276,-0.7061,9.0221
11536,-0.1177,-0.8238,10.5127
11556,0.0392,-0.6669,9.6105
11576,-0.0392,-0.3923,9.9243
11596,-0.4315,-0.1569,9.4928
11616,-0.3138,-0.0785,9.8459
11636,-0.0392,-0.1177,9.9636
11656,-0.3138,0.0392,9.6105
11676,0.1961,-0.1961,9.3752
11696,0.1177,-0.3530,10.2381
11716,0.0785,-0.5099,9.6497
11736,-0.2746,-0.2746,9.8067
11756,0.2746,-0.4315,9.8459
11776,0.0785,-0.1569,9.5713
11796,0.1177,-0.1569,10.3558
11816,0.0785,-0.1177,9.9636
11836,0.0785,0.0785,9.8067
11856,-0.1961,-0.1569,9.8851
11876,0.0785,0.1961,9.3752
11896,-0.0392,0.3923,9.9243
11916,0.0785,0.3530,9.5321
11936,0.1177,-0.1569,9.8851
11956,0.1569,-0.8238,10.3166
11976,0.4315,-0.7453,9.7282
11996,0.6669,-0.7061,10.2774
12016,0.7845,-0.9807,9.9243
12036,0.1961,-0.5884,9.6105
12056,1.3337,-1.5298,9.8851
12076,0.1961,-0.8238,9.4144
12096,0.5884,-0.9414,10.1597
12116,0.9807,-0.5884,9.7674
12136,0.7845,-0.6276,9.6105
12156,1.0591,-0.9414,9.8067
12176,0.9807,-1.2160,9.2967
12196,0.8630,-1.3337,9.9243
12216,0.9022,-1.0983,9.9243
12236,0.7061,-0.8238,9.6890
12256,0.9414,-0.7453,9.9636
12276,0.9022,-0.7453,9.4144
12296,0.8238,-1.0983,9.9636
12316,0.8238,-1.0983,9.6497
12336,0.6276,-1.0591,9.5321
12356,0.7453,-0.6276,10.1597
12376,0.3923,-0.5492,9.6105
12396,0.4707,-0.5492,9.8459
12416,0.5492,-0.3530,9.6497
12436,0.5492,-0.4315,9.4928
12456,0.6276,-0.5099,10.1597
12476,0.4707,-0.4315,9.6497
12496,0.5492,-0.6276,9.8067
12516,0.5099,-0.3923,9.8459
12536,0.4315,-0.3138,9.6105
12556,0.5099,-0.7453,10.0420
12576,0.4707,-0.4707,9.6497
12596,0.4707,-0.4315,9.7674
12616,0.5884,-0.6669,9.9243
12636,0.2746,-0.4707,9.4928
12656,0.7453,-0.5884,9.9243
12676,0.2354,-0.5099,9.7674
12696,0.3138,-0.4315,9.8067
12716,0.6669,-0.3923,9.8851
12736,0.5099,-0.5492,9.7674
12756,0.7845,-0.3923,9.8851
12776,0.1177,-0.5492,9.8067
12796,0.5492,-0.3923,9.8067
12816,0.8238,-0.4315,9.8067
12836,0.2746,-0.5492,9.6890
12856,0.7061,-0.7061,9.7674
12876,0.3923,-0.5492,9.9636
12896,0.5099,-0.3923,9.5713
12916,0.6276,-0.5884,9.9636
12936,0.4315,-0.5099,9.5321
12956,0.4315,-0.3138,9.7282
12976,0.7061,-0.6276,10.0028
12996,0.4707,-0.4707,9.7674
13016,0.5492,-0.2354,10.0028
13036,0.5099,-0.6669,9.7674
13056,0.2746,-0.5884,9.8067
13076,0.5099,-0.5884,10.1205
13096,0.5884,-0.4707,9.7282
13116,0.5492,-0.4315,9.8067
13136,0.5492,-0.5492,9.6890
13156,0.4315,-0.4707,9.6105
13176,0.5099,-0.6669,10.2774
13196,0.5099,-0.5492,9.4928
13216,0.3923,-0.5492,9.9636
13236,0.5099,-0.4707,9.9636
13256,0.5492,-0.1961,9.3359
13276,0.7061,-0.6669,10.1989
13296,0.3923,-0.4707,9.6105
13316,0.6276,-0.2746,9.6105
13336,0.6276,-0.5492,10.3558
13356,0.3138,-0.5884,9.4144
13376,0.4707,-0.3138,9.9243
13396,0.2746,-0.6276,9.7282
13416,0.3923,-0.4315,9.6497
13436,0.5099,-0.2746,10.0028
13456,0.3530,-0.7061,9.2575
13476,0.7061,-0.3530,10.0812
13496,0.4315,-0.3138,9.9243
13516,0.5492,-0.4315,9.5713
13536,0.7453,-0.4315,9.9636
13556,0.3138,-0.5099,9.3359
13576,0.4707,-0.4315,10.4735
13596,0.5099,-0.5492,9.9636
13616,0.4315,-0.4315,9.4144
13636,0.5884,-0.4315,10.2774
13656,0.5492,-0.5884,9.3752
13676,0.5099,-0.3138,9.6497
13696,0.4315,-0.6276,10.3166
13716,0.4707,-0.3530,9.3359
13736,0.5492,-0.1569,9.9243
13756,0.3923,-0.7845,9.3752
13776,0.4315,-0.3530,10.0420
13796,0.1961,-0.4707,9.6105
13816,0.3923,-0.7453,9.8459
13836,0.7845,-0.0785,9.6497
13856,0.3530,-0.5492,9.2575
13876,0.4707,-0.6276,10.3950
13896,0.7845,-0.4315,9.7282
13916,0.2746,-0.7061,9.0613
13936,0.4707,-0.0392,10.1597
13956,0.3530,-0.4707,9.1790
13976,0.1961,-0.6276,9.9636
13996,0.6669,-0.5884,9.8851
14016,0.2746,-0.3138,9.1398
14036,0.3923,-0.3923,10.1597
14056,0.7845,-0.7061,9.8851
14076,0.2746,-0.3138,9.5713
14096,0.5099,-0.4707,9.8851
14116,0.2746,-0.6669,9.3752
14136,0.7453,-0.2354,10.0420
14156,0.3923,-0.5884,9.7282
14176,0.5492,-0.2746,9.4144
14196,0.4707,-0.5884,10.1205
14216,0.2354,-0.6669,9.5321
14236,0.5492,-0.2746,9.9636
14256,0.2746,-0.7845,9.8851
14276,0.5884,-0.4315,9.4928
14296,0.6276,-0.2746,10.0028
14316,0.3530,-0.5884,9.5321
14336,0.8630,-0.0785,10.0028
14356,0.5099,-0.4315,9.7674
14376,0.2746,-0.6669,9.6105
14396,0.6276,-0.1961,10.2774
14416,0.3530,-0.2354,9.5713
14436,0.4315,-0.3923,9.9243
14456,0.3530,-0.8238,9.5321
14476,0.1961,-0.7453,8.9829
14496,0.6276,-0.1961,10.4343
14516,0.4707,-0.7453,9.6105
14536,0.5099,-0.3530,9.6890
14556,0.5099,-0.4707,10.1597
14576,0.4315,-0.3923,9.3752
14596,0.3923,-0.3530,10.2381
14616,0.2746,-0.9022,9.5713
14636,0.3923,-0.3138,9.5321
14656,0.8238,-0.1961,10.2774
14676,0.3923,-0.6669,9.0613
14696,0.5099,-0.4315,9.9636
14716,0.4707,-0.5884,9.5713
14736,0.3923,-0.3138,9.8067
14756,0.6276,-0.0785,10.7481
14776,0.6276,-0.5884,9.1790
14796,0.3138,-0.5099,9.8851
14816,0.4707,-0.5492,10.0028
14836,0.6276,-0.3530,9.5713
14856,0.3923,-0.5884,10.3166
14876,0.2746,-0.5492,9.4144
14896,0.6669,-0.0392,9.9243
14916,0.4707,-0.5884,10.0420
14936,0.3923,-0.5492,9.4536
14956,0.7453,-0.1961,10.2381
14976,0.3530,-0.7845,9.6890
14996,0.5099,-0.2746,9.9243
15016,0.3530,-0.3923,9.9243
15036,0.3530,-0.7061,9.2183
15056,0.5492,-0.3138,10.2381
15076,0.3923,-0.5884,9.7674
15096,0.5884,-0.4707,9.6105
15116,0.5884,-0.4707,10.2774
15136,0.3138,-0.4707,9.2967
15156,0.6276,-0.3138,10.0028
15176,0.5099,-0.6669,10.1597
15196,0.5492,-0.2354,9.4928
15216,0.3923,-0.3923,10.1597
15236,0.5884,-0.6276,9.2575
15256,0.6669,-0.1569,9.8459
15276,0.3138,-0.6669,10.3950
15296,0.5884,-0.4315,9.1398
15316,0.6276,-0.2746,10.0420
15336,0.3923,-0.7061,9.5321
15356,0.5884,-0.2354,9.7674
15376,0.3530,-0.6669,10.0420
15396,0.2354,-0.7061,9.4144
15416,0.6669,-0.1569,10.3166
15436,0.3923,-0.6669,9.5321
15456,0.5492,-0.4707,9.7674
15476,0.5884,-0.5099,10.0812
15496,0.3923,-0.5884,9.5321
15516,0.6669,-0.2746,10.0812
15536,0.4315,-0.5099,9.7674
15556,0.3530,-0.2354,9.7674
15576,0.7061,-0.4315,10.3950
15596,0.4707,-0.9022,8.6299
15616,0.4315,-0.1961,10.2381
15636,0.4707,-0.5884,9.9636
15656,0.3923,-0.6669,9.1790
15676,0.5492,-0.3138,10.3558
15696,0.3530,-0.6276,9.4536
15716,0.5492,-0.3530,9.6890
15736,0.4707,-0.4707,9.8459
15756,0.5099,-0.3530,9.7282
15776,0.6669,-0.2746,10.4735
15796,0.1961,-0.6669,9.6105
15816,0.5492,-0.3530,9.5321
15836,0.5492,-0.5492,10.0028
15856,0.3530,-0.4707,9.4536
15876,0.6669,-0.4315,10.0028
15896,0.2746,-0.6276,9.8459
15916,0.5884,-0.2746,9.6497
15936,0.3923,-0.5099,10.2381
15956,0.4707,-0.6669,9.4536
15976,0.6276,-0.1961,9.9636
15996,0.4315,-0.5492,9.8067
16016,0.6276,-0.4707,9.3752
16036,0.5492,-0.2746,9.9636
16056,0.6276,-0.5884,9.4928
16076,0.5492,-0.3138,10.4735
16096,0.3530,-0.4315,9.9636
16116,0.3923,-0.5492,9.1006
16136,0.7845,-0.1177,10.0028
16156,0.5099,-0.6276,9.4144
16176,0.2746,-0.6276,9.6890
16196,0.5099,-0.4707,10.0028
16216,0.3923,-0.4315,9.6105
16236,0.4707,-0.2354,10.3166
16256,0.5099,-0.5884,9.5321
16276,0.3138,-0.3138,9.5713
16296,0.5099,-0.5884,10.0420
16316,0.2746,-0.6669,9.6105
16336,0.5099,-0.2354,9.9243
16356,0.5099,-0.6669,9.5321
16376,0.3530,-0.3530,10.0812
16396,0.7453,-0.3138,10.1989
16416,0.3923,-0.6669,9.4536
16436,0.4707,-0.1569,10.3166
16456,0.7453,-0.3923,9.3752
16476,0.1961,-0.6669,9.5713
16496,0.7845,-0.1961,10.2774
16516,0.4315,-0.4707,9.2575
16536,0.4707,-0.1961,9.9243
16556,0.6276,-0.7845,9.4536
16576,0.3530,-0.1569,10.0420
16596,0.5492,-0.2354,9.9243
16616,0.2746,-0.7061,9.1006
16636,0.3923,-0.1177,10.3166
16656,0.4707,-0.5099,9.6105
16676,0.5099,-0.5492,9.6890
16696,0.3923,-0.5099,10.2381
16716,0.3138,-0.4315,9.2183
16736,0.6276,-0.4315,10.1205
16756,0.3138,-0.5492,9.8851
16776,0.5884,-0.0785,9.4536
16796,0.6276,-0.3923,10.0028
16816,0.3923,-0.5099,9.2183
16836,0.6669,-0.1177,10.0812
16856,0.5099,-0.5492,9.5321
16876,0.4315,-0.5492,9.3752
16896,0.7061,-0.3138,10.3558
16916,0.2746,-0.5099,10.0420
16936,0.5884,-0.3530,9.8459
16956,0.7061,-0.2746,9.8067
16976,0.4315,-0.4315,9.1398
16996,0.5099,-0.3923,10.1205
17016,0.5492,-0.5099,9.3752
17036,0.2354,-0.5492,9.7674
17056,0.5492,-0.4315,10.0028
17076,0.3138,-0.5492,9.2183
17096,0.5492,-0.4315,10.1989
17116,0.3530,-0.5099,9.7674
17136,0.5099,-0.4707,9.8067
17156,0.5099,-0.5884,10.1597
17176,0.3923,-0.4315,9.5713
17196,0.6669,-0.1177,10.0028
17216,0.5492,-0.5884,9.3359
17236,0.3923,-0.5099,9.5713
17256,0.4315,-0.3138,10.0028
17276,0.5099,-0.6276,9.2183
17296,0.5884,-0.3138,9.9243
17316,0.3138,-0.4707,9.8851
17336,0.6276,-0.4707,9.0221
17356,0.5099,-0.3923,10.4343
17376,0.2746,-0.6276,9.6105
17396,0.7845,-0.3138,9.4536
17416,0.2746,-0.7061,10.0420
17436,0.3923,-0.4707,9.4928
17456,0.7453,-0.2746,10.2381
17476,0.3138,-0.6669,9.6890
17496,0.5099,-0.2746,9.6890
17516,0.5492,-0.5492,10.0812
17536,0.3138,-0.5492,9.4144
17556,0.5492,-0.2746,10.3558
17576,0.3138,-0.7845,9.6497
17596,0.4707,-0.3923,9.4928
17616,0.6276,-0.3138,10.0028
17636,0.3923,-0.6669,9.2575
17656,0.6669,-0.3138,9.8851
17676,0.5492,-0.5099,9.8851
17696,0.3923,-0.4707,9.4928
17716,0.6276,-0.2746,10.3558
17736,0.5099,-0.3923,9.4928
17756,0.3923,-0.4315,9.8067
17776,0.3923,-0.5884,10.0420
17796,0.3923,-0.4315,9.1006
17816,0.5492,-0.3138,10.5912
17836,0.3530,-0.4707,9.5321
17856,0.5884,-0.2354,9.5713
17876,0.5099,-0.5492,10.1205
17896,0.3530,-0.5099,9.3359
17916,0.6276,-0.2746,10.1597
17936,0.3530,-0.8238,9.7674
17956,0.3530,-0.3923,9.8067
17976,0.4315,-0.4315,9.8067
17996,0.2746,-0.6669,9.4928
18016,0.5884,-0.2746,10.2774
18036,0.1961,-0.6276,9.6890
18056,0.4315,-0.5099,9.7282
18076,0.6276,-0.4707,10.5912
18096,0.2746,-0.6276,9.1006
18116,0.5884,-0.3530,10.0812
18136,0.8238,-0.3923,9.6890
18156,0.3530,-0.4707,9.5713
18176,0.4315,-0.5099,10.0028
18196,0.3923,-0.5099,9.6890
18216,0.4707,-0.2746,9.9636
18236,0.3923,-0.7845,10.1205
18256,0.3138,-0.5099,9.4536
18276,0.6276,-0.2354,10.0420
18296,0.2746,-0.7845,9.6105
18316,0.7453,-0.1177,9.8851
18336,0.4315,-0.4315,10.0028
18356,0.3923,-0.5884,9.2183
18376,0.5884,-0.1569,10.2381
18396,0.4707,-0.5884,9.7674
18416,0.4707,-0.6276,9.5713
18436,0.5884,-0.4315,10.2774
18456,0.3923,-0.5099,9.4928
18476,0.4707,-0.3923,9.9243
18496,0.4315,-0.5884,10.1989
18516,0.4707,-0.3530,9.5321
18536,0.6276,-0.3138,10.6696
18556,0.2354,-0.6276,9.4144
18576,0.7061,-0.0785,10.0812
18596,0.5884,-0.5099,10.0028
18616,0.5884,-0.4315,8.9437
18636,0.7845,-0.0785,9.9636
18656,0.5099,-0.5884,8.9437
18676,0.6276,-0.1177,9.8851
18696,0.5099,-0.5099,10.1205
18716,0.2746,-0.7453,9.1006
18736,0.5492,-0.1961,10.3950
18756,0.3138,-0.7453,9.5713
18776,0.3530,-0.6669,9.4928
18796,0.6276,-0.3530,10.3166
18816,0.4707,-0.3923,9.4928
18836,0.5884,-0.5492,9.7282
18856,0.2746,-0.7061,9.8851
18876,0.4707,-0.2746,9.6890
18896,0.5884,-0.6276,9.8067
18916,0.2354,-0.5884,9.2183
18936,0.6669,-0.1177,10.5912
18956,0.9022,-0.4707,9.7674
18976,0.5099,-0.0392,9.9636
18996,0.7845,-0.0392,10.3166
19016,0.4707,-0.4315,9.3752
19036,0.5884,-0.3138,10.3950
19056,0.4315,-0.5884,9.5713
19076,0.3923,-0.6276,9.6105
19096,0.4707,-0.5099,9.8459
19116,0.3138,-0.3530,9.4144
19136,0.7453,-0.3138,10.1597
19156,0.3923,-0.6276,9.6497
19176,0.4315,-0.4315,9.8067
19196,0.6669,-0.3923,10.1205
19216,0.3138,-0.6669,9.1006
19236,0.3923,-0.3530,10.4343
19256,0.5099,-0.5099,9.6105
19276,0.3923,-0.5492,9.6105
19296,0.5884,-0.5492,10.2774
19316,0.2354,-0.3138,9.1398
19336,0.4315,-0.2354,10.0420
19356,0.3530,-0.7453,9.8067
19376,0.1961,-0.5099,9.4144
19396,0.7845,-0.2354,10.1989
19416,0.4315,-0.4707,9.3752
19436,0.4315,-0.3923,9.4536
19456,0.5884,-0.4707,10.3166
19476,0.5099,-0.1177,9.9243
19496,0.6669,-0.3923,10.0420
19516,0.3923,-0.6669,9.0221
19536,0.5492,-0.1177,9.9243
19556,0.5884,-0.5492,9.9243
19576,0.2354,-0.5492,9.5321
19596,0.6276,-0.3138,10.3166
19616,0.3530,-0.7453,9.6105
19636,0.7061,-0.3138,9.7282
19656,0.8238,-0.4707,9.8459
19676,0.1961,-0.6669,9.6105
19696,0.7061,-0.3530,10.0028
19716,0.5492,-0.6669,9.3359
19736,0.3530,-0.5884,9.3752
19756,0.5099,-0.5492,10.1597
19776,0.5492,-0.5492,9.2183
19796,0.4315,-0.3530,10.1989
19816,0.4707,-0.5492,9.6890
19836,0.4707,-0.3138,9.7674
19856,0.4707,-0.3923,10.2774
19876,0.4707,-0.5099,9.1398
19896,0.5099,-0.3530,9.8459
19916,0.4315,-0.7453,9.9243
19936,0.5099,-0.5099,9.4928
19956,0.5884,-0.3138,10.2774
19976,0.3530,-0.6669,9.5321
19996,0.7453,-0.2746,9.7282
20016,0.4315,-0.4707,10.0420
20036,0.3923,-0.3530,9.4144
20056,0.7061,-0.3530,10.0812
20076,0.2746,-0.7845,9.6497
20096,0.4707,-0.3138,9.7282
20116,0.5492,-0.5099,10.1597
20136,0.1177,-0.7453,9.6105
20156,0.7061,-0.3138,10.1205
20176,0.5492,-0.5884,10.0028
20196,0.5492,-0.1569,9.6890
20216,0.8238,-0.1961,10.0812
20236,0.3923,-0.7845,9.1398
20256,0.3923,-0.5492,10.2381
20276,0.5492,-0.4707,10.1205
20296,0.4707,-0.4707,9.6105
20316,0.3923,-0.4315,10.3558
20336,0.3923,-0.3923,9.0613
20356,0.5492,-0.3530,10.0028
20376,0.4315,-0.7453,10.1205
20396,0.3530,-0.4315,9.3752
20416,0.5884,-0.2746,10.2381
20436,0.3138,-0.5099,9.5321
20456,0.4315,-0.4315,9.4928
20476,0.3923,-0.8630,10.1597
20496,0.3530,-0.7453,9.6105
20516,0.6669,-0.4315,9.8851
20536,0.2354,-0.8238,9.6497
20556,0.4707,-0.3923,10.0028
20576,0.5884,-0.4707,9.9636
20596,0.1569,-0.8238,9.4928
20616,0.6669,-0.0785,10.1989
20636,0.3923,-0.5099,9.4144
20656,0.5099,-0.5884,9.2575
20676,0.5492,-0.4315,10.0420
20696,0.2746,-0.6669,9.5321
20716,0.4315,-0.4707,10.3558
20736,0.3923,-0.5492,9.7282
20756,0.5099,-0.3923,9.3752
20776,0.4315,-0.5884,10.2774
20796,0.3138,-0.7845,9.4536
20816,0.3923,-0.2354,9.7674
20836,0.4707,-0.6276,10.0028
20856,0.4315,-0.4315,9.4144
20876,0.4315,-0.3530,10.0028
20896,0.3138,-0.8630,9.4928
20916,0.4315,-0.2746,9.8459
20936,0.5099,-0.5099,10.0420
20956,0.3530,-0.7061,9.2183
20976,0.5884,-0.3530,10.1989
20996,0.2354,-0.6669,9.7282
21016,0.3530,-0.5099,9.3752
21036,0.6276,-0.5492,10.0420
21056,0.3530,-0.6276,9.5713
21076,0.3923,-0.5099,9.8067
21096,0.5884,-0.6669,9.8459
21116,0.3530,-0.3530,9.8851
21136,0.5492,-0.7061,10.0812
21156,0.3923,-0.7061,9.1398
21176,0.5099,-0.1961,9.9243
21196,0.5492,-0.8238,10.1597
21216,0.3530,-0.4707,9.4536
21236,0.7453,-0.2354,10.2774
21256,0.1569,-0.7061,9.8459
21276,0.6669,-0.2354,9.4144
21296,0.4707,-0.5884,9.8459
21316,0.2354,-0.8630,9.6890
21336,0.9414,-0.2354,10.1205
21356,0.2354,-0.6276,9.5321
21376,0.6276,-0.2746,9.4144
21396,0.4707,-0.3138,10.1205
21416,0.1569,-0.5492,9.5321
21436,0.8238,-0.2746,9.8067
21456,0.5099,-0.5492,9.5321
21476,0.4315,-0.3530,9.6890
21496,0.9022,-0.3138,9.7674
21516,0.3923,-0.5492,9.5321
21536,0.4315,-0.2746,10.2381
21556,0.4315,-0.7845,9.4536
21576,0.4315,-0.3530,9.8459
21596,0.5884,-0.2354,10.0420
21616,0.5099,-0.5492,9.2967
21636,0.4707,-0.3923,10.2774
21656,0.3530,-0.5492,9.5713
21676,0.6669,-0.1961,10.0028
21696,0.6276,-0.4707,9.7674
21716,0.3530,-0.5099,9.4144
21736,0.5492,-0.4315,10.3166
21756,0.5884,-0.7453,9.5713
21776,0.4707,-0.2746,9.8851
21796,0.4315,-0.1961,9.8459
21816,0.3923,-0.5492,9.2967
21836,0.7061,-0.3138,10.1989
21856,0.4707,-0.5099,9.4536
21876,0.5492,-0.3923,9.9243
21896,0.2354,-0.5492,10.2774
21916,0.2354,-0.3923,8.9829
21936,0.6669,-0.2746,10.1989
21956,0.4315,-0.6276,9.6497
21976,0.6276,-0.3138,9.3752
21996,0.5492,-0.5099,10.6304
22016,0.4707,-0.5099,9.5713
22036,0.6276,-0.1961,9.7282
22056,0.3923,-0.6276,9.7674
22076,0.2746,-0.5492,9.4536
22096,0.4707,-0.4315,9.9243
22116,0.4707,-0.5884,9.5713
22136,0.6276,-0.2746,9.9243
22156,0.3923,-0.5884,9.6890
22176,0.2746,-0.5884,9.4536
22196,0.5492,-0.0785,10.3166
22216,0.5492,-0.5492,9.4144
22236,0.1961,-0.5492,10.3558
22256,0.5884,-0.5492,9.6497
22276,0.3923,-0.5884,9.1790
22296,0.5884,-0.1961,10.3558
22316,0.7061,-0.4707,9.6890
22336,0.3923,-0.3138,9.6105
22356,0.5099,-0.4707,10.2381
22376,0.3923,-0.5884,9.3752
22396,0.5099,-0.1961,10.1205
22416,0.3530,-0.7453,9.9636
22436,0.4315,-0.6276,9.1006
22456,0.4707,-0.3138,10.3558
22476,0.4707,-0.5884,9.7674
22496,0.7061,-0.1569,9.7282
22516,0.5099,-0.4707,9.8851
22536,0.3923,-0.5099,9.1398
22556,0.5492,-0.2746,10.7089
22576,0.3923,-0.5884,9.2575
22596,0.4315,-0.4707,9.7674
22616,0.5492,-0.4707,10.1205
22636,0.3923,-0.3530,9.4144
22656,0.5884,-0.3923,10.0812
22676,0.4707,-0.6276,9.8851
22696,0.3138,-0.5099,9.6497
22716,0.6276,-0.3530,9.9243
22736,0.5492,-0.4315,9.5321
22756,0.5884,-0.1961,10.4343
22776,0.3138,-0.8238,9.5713
22796,0.6669,-0.3923,9.2967
22816,0.6669,-0.1569,10.1597
22836,0.3138,-0.5884,9.2575
22856,0.8238,-0.2746,10.0420
22876,0.3530,-0.6669,9.9636
22896,0.3923,-0.6276,9.2967
22916,0.5492,-0.3530,10.1989
22936,0.3138,-0.3923,9.5713
22956,0.8238,-0.1569,9.8067
22976,0.4707,-0.5884,9.6497
22996,0.3138,-0.4707,9.3359
23016,0.8630,-0.3138,10.2774
23036,0.3530,-0.7061,10.1205
23056,0.5099,-0.4315,9.5713
23076,0.5884,-0.8238,9.7282
23096,0.1569,-0.6669,9.3752
23116,0.5492,-0.4707,10.1989
23136,0.3138,-0.8630,10.0420
23156,0.3923,-0.3138,9.3359
23176,0.4707,-0.4315,9.9243
23196,0.4315,-0.3923,9.7674
23216,0.5492,-0.2354,10.3166
23236,0.2746,-0.7845,9.6497
23256,0.5884,-0.4707,9.3359
23276,0.5884,-0.4315,10.0812
23296,0.3530,-0.5492,9.4144
23316,0.5884,-0.3923,10.1989
23336,0.3923,-0.7845,10.0812
23356,0.2746,-0.4707,9.3359
23376,0.8238,-0.2354,10.3166
23396,0.3530,-0.5492,9.6497
23416,0.3923,-0.3923,9.7282
23436,0.4707,-0.6669,10.1205
23456,0.3923,-0.5099,9.4144
23476,0.5492,-0.1961,10.2774
23496,0.2746,-0.5099,9.8459
23516,0.7061,-0.2746,9.3359
23536,0.7845,-0.3923,10.1989
23556,0.3530,-0.4315,9.5713
23576,0.5099,-0.5099,10.0028
23596,0.5884,-0.5099,9.4144
23616,0.5492,-0.2354,9.9243
23636,0.7453,-0.6276,10.2381
23656,0.4315,-0.5099,8.9829
23676,0.5099,-0.3138,10.3166
23696,0.4315,-0.6669,9.9243
23716,0.3923,-0.3138,9.5321
23736,0.5492,-0.3923,10.3950
23756,0.1961,-0.6669,9.2183
23776,0.5099,-0.1569,10.0420
23796,0.5099,-0.6669,9.9636
23816,0.4315,-0.3923,9.5713
23836,0.6669,-0.2354,10.0812
23856,0.3923,-0.7453,9.7282
23876,0.6669,-0.4315,9.8067
23896,0.6276,-0.1569,9.5321
23916,0.2746,-0.7061,9.8851
23936,0.9022,-0.5492,9.9636
23956,0.2354,-0.5492,9.8459
23976,0.6669,-0.1569,9.6497
23996,1.0591,-0.1569,10.1205
24016,0.1961,-0.7061,9.2575
24036,0.5884,-0.3530,9.9243
24056,0.6276,-0.4707,9.8851
24076,0.5099,-0.3138,9.9636
24096,0.5492,-0.6276,9.8851
24116,0.3138,-0.5099,9.5713
24136,0.4315,-0.2746,10.2774
24156,0.3138,-0.6669,9.2967
24176,0.5884,-0.4315,10.0812
24196,0.5099,-0.2746,10.0420
24216,0.3923,-0.5884,9.2575
24236,0.6276,-0.3530,10.2774
24256,0.5099,-0.6669,9.6890
24276,0.5099,-0.1961,9.8067
24296,0.7061,-0.4707,10.2381
24316,0.4315,-0.5884,9.2967
24336,0.4315,0.0392,10.0812
24356,0.5492,-0.6669,9.5321
24376,0.5492,-0.3138,9.8851
24396,0.5099,-0.3923,10.5127
24416,0.4707,-0.3923,9.5321
24436,0.5884,-0.3138,9.9636
24456,0.2746,-0.5492,9.6105
24476,0.5099,-0.3923,9.6890
24496,0.5492,-0.7061,10.1989
24516,0.3138,-0.7061,9.2967
24536,0.6669,-0.3138,9.8851
24556,0.5099,-0.5492,9.9243
24576,0.5492,-0.3138,9.4536
24596,0.6276,-0.3923,10.2774
24616,0.5492,-0.3923,9.6497
24636,0.7061,-0.0785,9.9636
24656,0.4315,-0.3923,10.4735
24676,0.6276,-0.3138,9.3752
24696,0.5099,-0.5492,9.5321
24716,0.1569,-0.7845,9.8067
24736,0.7061,-0.1569,9.9243
24756,0.7061,-0.5884,10.2381
24776,0.2354,-0.6669,9.6105
24796,0.8630,-0.1177,10.1597
24816,0.6669,-0.5492,9.4928
24836,0.3923,-0.3530,9.6497
24856,0.7845,-0.5492,10.2381
24876,0.3530,-0.4315,9.0221
24896,0.5884,-0.2354,10.1597
24916,0.5492,-0.5884,9.9243
24936,0.3923,-0.3530,9.4144
24956,0.5492,-0.6276,10.3166
24976,0.3530,-0.5884,9.3359
24996,0.5884,-0.2354,9.9636
25016,0.4315,-0.8238,10.0420
25036,0.4315,-0.4707,9.2575
25056,0.5884,-0.2746,10.0812
25076,0.1961,-0.6669,9.7674
25096,0.6276,-0.2354,10.0028
25116,0.3923,-0.3923,10.1205
25136,0.3530,-0.4707,9.2967
25156,0.7061,-0.1569,10.2774
25176,0.4315,-0.5099,9.3752
25196,0.7061,-0.1961,10.1205
25216,0.8238,-0.6276,9.8851
25236,0.1961,-0.2746,9.6105
25256,0.6669,-0.1569,10.2774
25276,0.4315,-0.6276,9.6497
25296,0.5492,-0.1961,9.8067
25316,0.4707,-0.4707,10.1989
25336,0.5099,-0.5884,9.3359
25356,0.5492,-0.2746,10.0028
25376,0.2746,-0.7845,10.0420
25396,0.7845,-0.2354,9.7282
25416,0.6669,-0.2746,9.9636
25436,0.2354,-0.8238,9.1006
25456,0.7061,-0.1569,10.0028
25476,0.5884,-0.3138,10.1989
25496,0.5492,-0.6276,9.2183
25516,0.6669,-0.4315,10.1597
25536,0.1569,-0.4315,9.6497
25556,0.7453,-0.3923,9.6497
25576,0.4707,-0.5099,10.1205
25596,0.3138,-0.3138,9.3752
25616,0.6669,-0.3923,9.8459
25636,0.3530,-0.5492,9.6890
25656,0.4315,-0.3138,9.6105
25676,0.7061,-0.5099,10.3166
25696,0.5099,-0.4707,9.3752
25716,0.4707,-0.2746,9.9636
25736,0.5884,-0.6276,9.8067
25756,0.4707,-0.2354,9.9636
25776,0.4315,-0.5884,10.0028
25796,0.3530,-0.5884,9.3359
25816,0.8238,-0.1569,9.9243
25836,0.5099,-0.5884,9.8067
25856,0.4315,-0.5884,9.3752
25876,0.6669,-0.3530,10.3166
25896,0.3530,-0.5099,9.2183
25916,0.5884,-0.3138,9.7674
25936,0.6669,-0.5099,10.0028
25956,0.1961,-0.4707,9.2967
25976,0.7061,-0.3530,10.3558
25996,0.1961,-0.7453,9.6105
26016,0.7453,-0.2354,9.7282
26036,0.5492,-0.3923,10.1597
26056,0.3923,-0.5099,9.3752
26076,0.6669,-0.2354,9.9636
26096,0.2746,-0.7453,9.6497
26116,0.5099,-0.3530,9.6497
26136,0.6276,-0.1961,10.1597
26156,0.2354,-0.5492,9.1398
26176,0.5884,-0.4315,10.0420
26196,0.4315,-0.5099,9.7282
26216,0.3923,-0.3138,9.9243
26236,0.7061,-0.4315,10.1205
26256,0.3138,-0.6669,9.1790
26276,0.5492,-0.4315,9.7674
26296,0.7061,-0.5492,10.1989
26316,0.3138,-0.4707,9.5321
26336,0.3923,-0.3923,10.3166
26356,0.5492,-0.4315,9.2183
26376,0.5099,-0.0785,9.9243
26396,0.2354,-0.6669,10.0420
26416,0.8238,-0.3923,9.3752
26436,0.7845,-0.1177,10.1597
26456,0.3923,-0.6276,9.4536
26476,0.7453,-0.4315,9.5713
26496,0.3923,-0.4315,10.3950
26516,0.3530,-0.5492,9.5321
26536,0.7845,-0.3138,9.9636
26556,0.3138,-0.5492,9.8067
26576,0.6276,-0.3530,9.6497
26596,0.7453,-0.4315,10.0812
26616,0.1961,-0.5492,9.3752
26636,0.4707,-0.4315,10.1989
26656,0.5099,-0.5492,9.5321
26676,0.3923,-0.3138,9.9636
26696,0.7061,-0.4315,9.7282
26716,0.3138,-0.6276,9.5713
26736,0.5884,-0.2354,10.3558
26756,0.5492,-0.4707,9.3752
26776,0.3138,-0.2354,9.8459
26796,0.7453,-0.4707,10.1597
26816,0.3138,-0.5884,9.1006
26836,0.3530,-0.4707,10.0812
26856,0.5099,-0.5492,9.5713
26876,0.3138,-0.1961,9.9636
26896,0.5492,-0.5884,10.1205
26916,0.1569,-0.7061,9.1398
26936,0.5099,-0.3923,9.8067
26956,0.3138,-0.9022,9.6890
26976,0.6276,-0.5099,9.7674
26996,0.4707,-0.3923,10.1597
27016,0.4315,-0.5099,9.3359
27036,0.6669,-0.1177,10.2381
27056,0.4707,-0.5492,9.5321
27076,0.4315,-0.4707,9.4928
27096,0.5492,-0.3530,10.3166
27116,0.3923,-0.6276,9.2575
27136,0.7453,-0.0785,10.2381
27156,0.5884,-0.3923,9.9636
27176,0.2354,-0.5099,9.0221
27196,0.5099,-0.4315,10.0028
27216,0.6669,-0.2746,9.4928
27236,0.5884,-0.1569,9.9243
27256,0.3923,-0.6669,10.3950
27276,0.4707,-0.3138,9.3359
27296,0.6276,-0.3530,9.9636
27316,0.1569,-0.8238,9.6890
27336,0.5884,-0.2746,9.8067
27356,0.5492,-0.3923,9.9636
27376,0.3923,-0.5492,9.2183
27396,0.6276,-0.3138,10.3558
27416,0.3923,-0.5884,9.6890
27436,0.5492,-0.3530,9.7282
27456,0.7061,-0.3530,10.0812
27476,0.2746,-0.5099,9.1006
27496,0.5884,-0.2354,10.0420
27516,0.4315,-0.6276,9.8459
27536,0.5099,-0.3530,9.6105
27556,0.6669,-0.2746,10.1597
27576,0.3138,-0.5884,9.1398
27596,0.4707,-0.3530,9.9636
27616,0.3138,-0.6276,10.0812
27636,0.3923,-0.5884,9.4928
27656,0.4315,-0.4707,10.2774
27676,0.1569,-0.5884,9.5713
27696,0.6669,-0.3138,9.2575
27716,0.3138,-0.3530,9.9636
27736,0.2354,-0.5099,9.8067
27756,0.4315,-0.8238,9.8067
27776,0.2746,-0.8630,9.2183
27796,0.3138,-0.3923,9.8851
27816,0.6276,-0.6276,9.8067
27836,0.3530,-0.5884,9.2183
27856,0.3138,-0.4315,10.2381
27876,0.5884,-0.7061,9.7282
27896,0.5492,-0.3530,9.4144
27916,0.3923,-0.4707,10.2774
27936,0.5099,-0.5492,9.7282
27956,0.4315,0.0000,10.4735
27976,0.3138,-0.9022,9.7674
27996,0.5099,-0.6669,8.7868
28016,0.4707,-0.0785,10.1205
28036,0.5884,-0.5492,9.7674
28056,0.6669,-0.3923,9.6105
28076,0.4315,-0.5099,10.2381
28096,0.5884,-0.3138,9.3359
28116,0.4315,-0.4315,10.5912
28136,0.4315,-0.6276,9.1790
28156,0.4707,-0.3138,9.7282
28176,0.5492,-0.4315,10.1597
28196,0.3923,-0.5884,9.4144
28216,0.6276,-0.3530,10.4735
28236,0.5492,-0.4707,9.5713
28256,0.3923,-0.2746,9.4144
28276,0.5492,-0.5099,10.3558
28296,0.3923,-0.5099,9.2575
28316,0.4707,-0.3530,9.9636
28336,0.3530,-0.5884,9.7674
28356,0.5492,-0.2746,9.6105
28376,0.6669,-0.3530,10.1989
28396,0.3530,-0.4707,9.2967
28416,0.7453,-0.2354,10.0812
28436,0.4315,-0.4707,9.7282
28456,0.5884,-0.4315,9.6497
28476,0.7061,-0.3923,10.5520
28496,0.2746,-0.6669,9.4144
28516,0.4707,-0.3530,10.0812
28536,0.3138,-0.7453,10.2774
28556,0.3138,-0.4315,9.0221
28576,0.6276,-0.4315,9.7282
28596,0.2746,-0.7845,9.4144
28616,0.7061,-0.3923,9.8459
28636,0.4315,-0.6669,10.1597
28656,0.5492,-0.3530,9.4144
28676,0.6276,-0.2354,10.0420
28696,0.3530,-0.4315,9.6105
28716,0.6669,-0.2746,9.8459
28736,0.5884,-0.5099,10.1597
28756,0.2354,-0.5099,9.4144
28776,0.6669,-0.2746,9.9636
28796,0.2746,-0.5492,9.4928
28816,0.3923,-0.4315,9.8459
28836,0.5492,-0.3530,10.5127
28856,0.4315,-0.6276,9.4536
28876,0.4315,-0.3138,9.9243
28896,0.6276,-0.5492,9.7674
28916,0.5492,-0.2746,9.3359
28936,0.7453,-0.1177,10.7089
28956,0.5099,-0.7061,9.1790
28976,0.6276,-0.1961,9.7282
28996,0.5492,-0.5099,10.0812
29016,0.3530,-0.5492,9.6497
29036,0.6276,-0.1961,10.3950
29056,0.4707,-0.5099,9.3752
29076,0.6276,-0.2354,9.8067
29096,0.4707,-0.5099,10.1989
29116,0.2746,-0.6276,9.2575
29136,0.7061,-0.1961,10.1989
29156,0.3923,-0.6276,9.6497
29176,0.3923,-0.4707,9.6105
29196,0.6276,-0.4707,9.7674
29216,0.3923,-0.5099,9.5713
29236,0.4707,-0.3530,9.9636
29256,0.5492,-0.6276,9.4928
29276,0.6276,-0.1961,10.1989
29296,0.7453,-0.2746,9.7282
29316,0.4707,-0.7061,9.4144
29336,0.3530,-0.4315,10.1205
29356,0.7845,-0.3923,10.1205
29376,0.3923,-0.1569,10.0420
29396,0.6276,-0.5492,10.0812
29416,0.1569,-0.0392,9.2575
29436,0.5884,-0.3138,10.0812
29456,0.5492,-0.9022,9.3752
29476,0.5492,0.0000,10.2381
29496,0.8238,-0.5884,9.9636
29516,0.4315,-0.4315,9.4928
29536,0.6276,-0.0785,10.2381
29556,0.3530,-0.6276,9.6890
29576,0.5492,-0.1961,9.9243
29596,0.5884,-0.4315,10.1205
29616,0.3923,-0.5884,9.2183
29636,0.7845,-0.0392,10.1597
29656,0.5099,-0.5099,9.6497
29676,0.7453,-0.3138,9.3752
29696,0.9414,-0.1569,10.7873
29716,0.1961,-0.5099,9.4928
29736,0.7453,-0.3530,9.7282
29756,0.5492,-0.5492,10.2774
29776,0.4707,-0.1569,9.3359
29796,0.9022,-0.4707,9.9636
29816,0.2746,-0.6276,9.2967
29836,0.6276,-0.1569,9.9636
29856,0.5099,-0.6276,10.1597
29876,0.3923,-0.4315,9.6105
29896,0.6276,-0.2746,10.3558
29916,0.3923,-0.5099,9.2967
29936,0.4707,-0.3530,9.8459
29956,0.5884,-0.4707,10.1205
29976,0.5492,-0.4707,9.3752
29996,0.5884,-0.3530,10.0420
30016,0.3138,-0.5099,9.5713
30036,0.6276,-0.2354,9.6890
30056,0.5884,-0.5492,10.1597
30076,0.3530,-0.5492,9.1006
30096,0.5884,-0.2746,10.0812
30116,0.3530,-0.8238,9.5713
30136,0.3923,-0.5492,9.3752
30156,0.5099,-0.2354,10.5127
30176,0.1961,-0.5884,9.4928
30196,0.6276,-0.1961,9.7282
30216,0.4315,-0.5492,9.9243
30236,0.3138,-0.6276,9.2575
30256,0.7061,-0.4315,10.1989
30276,0.2354,-0.7453,10.0028
30296,0.5492,-0.3138,9.5321
30316,0.6669,-0.3530,9.8851
30336,0.4315,-0.3923,9.1398
30356,0.8238,-0.3138,10.4343
30376,0.3530,-0.6669,9.5713
30396,0.3138,-0.3530,9.7674
30416,0.5884,-0.5099,9.9636
30436,0.3138,-0.5099,9.3752
30456,0.3530,-0.3923,10.1597
30476,0.3138,-1.0983,9.6497
30496,0.2746,-0.3923,9.8459
30516,0.4707,-0.5492,10.3950
30536,0.2354,-0.8630,9.1006
30556,0.4315,-0.2354,9.9243
30576,0.4707,-0.5492,9.7674
30596,0.3138,-0.4315,9.3752
30616,0.4315,-0.5884,10.1205
30636,0.3138,-0.5099,9.1790
30656,0.7061,-0.2746,10.1205
30676,0.3923,-0.7453,10.0420
30696,0.4315,-0.5099,9.3752
30716,0.6276,-0.3923,10.0028
30736,0.1961,-0.7061,9.2967
30756,0.5884,-0.3530,10.0028
30776,0.3138,-0.7061,10.3950
30796,0.1961,-0.6276,8.8652
30816,0.7061,-0.3923,10.3558
30836,0.2746,-0.6276,9.7282
30856,0.5492,-0.3530,9.4536
30876,0.5492,-0.4315,10.3166
30896,0.3923,-0.4707,9.2183
30916,0.7453,-0.2354,10.0028
30936,0.3138,-0.6276,9.7674
30956,0.5884,-0.4315,9.6497
30976,0.5884,-0.4315,10.0812
30996,0.1961,-0.7453,9.1006
31016,0.6669,-0.3138,10.4343
31036,0.4315,-0.4707,10.0028
31056,0.3530,-0.5099,9.4144
31076,0.6669,-0.2354,10.3558
31096,0.3530,-0.4315,9.3359
31116,0.3923,-0.4315,9.6497
31136,0.4707,-0.9022,9.8459
31156,0.4707,-0.4707,9.4928
31176,0.7061,-0.2746,10.0812
31196,0.3530,-0.5492,9.6497
31216,0.6669,-0.1961,9.8851
31236,0.5099,-0.3923,10.1205
31256,0.3530,-0.7061,9.2575
31276,0.5492,-0.3530,9.7674
31296,0.3138,-0.4707,10.3558
31316,0.4315,-0.6276,9.3752
31336,0.6276,-0.6276,9.6890
31356,0.2746,-0.4315,9.5321
31376,0.5884,-0.3138,10.5520
31396,0.6669,-0.7061,9.4144
31416,0.1961,-0.3530,9.3752
31436,0.7061,-0.3138,10.5912
31456,0.4315,-0.5099,9.2183
31476,0.1961,-0.3138,9.8851
31496,0.5492,-0.5492,10.1205
31516,0.6276,-0.0785,9.3359
31536,0.6669,-0.3923,10.5127
31556,0.3530,-0.6669,9.4928
31576,0.6276,-0.1569,9.7674
31596,0.4707,-0.6669,10.0420
31616,0.3530,-0.5099,9.0613
31636,0.6669,-0.4315,10.4343
31656,0.1569,-0.7453,9.5321
31676,0.5884,-0.3530,9.7674
31696,0.6276,-0.3923,10.3166
31716,0.2354,-0.4315,9.4144
31736,0.5884,-0.3923,10.0812
31756,0.3138,-0.5099,9.4928
31776,0.5099,-0.3138,10.3166
31796,0.5884,-0.3923,9.7674
31816,0.3530,-0.4707,9.2575
31836,0.7453,-0.2746,10.5127
31856,0.5884,-0.5492,9.4928
31876,0.3923,-0.2354,10.1597
31896,0.6276,-0.3530,9.9243
31916,0.5099,-0.3530,9.3752
31936,0.7845,-0.4707,10.1597
31956,0.3530,-0.5884,9.4144
31976,0.4707,-0.3138,10.0028
31996,0.6276,-0.7845,10.0028
32016,0.3138,-0.2354,9.5713
32036,0.7845,-0.2746,10.5127
32056,0.3138,-0.7453,9.1006
32076,0.3923,-0.3923,9.4536
32096,0.5884,-0.5492,10.0812
32116,0.2354,-0.7845,9.6497
32136,0.4315,-0.2746,10.7089
32156,0.5099,-0.6669,8.9437
32176,0.2746,-0.5492,9.4536
32196,0.5099,-0.5099,10.9050
32216,0.5884,-0.5099,9.4536
32236,0.7845,-0.4707,10.0812
32256,0.0785,-0.7453,9.5713
32276,0.6276,-0.3530,9.1006
32296,0.6669,-0.4707,10.1205
32316,0.0785,-0.5099,9.3359
32336,0.6669,-0.1961,9.8851
32356,0.3923,-0.7453,9.8459
32376,0.3530,-0.4707,9.3752
32396,0.6669,-0.2354,10.2381
32416,0.3923,-0.7061,9.6497
32436,0.3138,-0.3530,9.8067
32456,0.4707,-0.5492,10.0420
32476,0.3138,-0.4707,9.6497
32496,0.5099,-0.3530,10.0420
32516,0.4707,-0.5492,9.5713
32536,0.4707,-0.3530,9.6497
32556,0.4315,-0.4315,10.1205
32576,0.3923,-0.5492,9.2967
32596,0.5492,-0.4707,9.7282
32616,0.3530,-0.6276,10.0420
32636,0.4707,-0.3923,9.7282
32656,0.7845,-0.3923,10.1597
32676,0.4707,-0.4315,9.5713
32696,0.3923,-0.3530,9.8459
32716,0.4315,-0.7845,9.7674
32736,0.5884,-0.1177,9.5321
32756,0.6276,-0.2746,10.2774
32776,0.3530,-0.6669,9.4536
32796,0.5492,-0.1569,9.9636
32816,0.4707,-0.6669,9.9243
32836,0.5099,-0.5099,9.0613
32856,0.5884,-0.1961,10.3950
32876,0.2354,-0.7061,9.4536
32896,0.5884,-0.4707,9.8459
32916,0.4707,-0.5492,9.8851
32936,0.1177,-0.7061,9.2967
32956,0.7845,-0.4707,10.0812
32976,0.1177,-0.7061,10.0812
32996,0.4707,-0.4707,10.1205
33016,0.6276,-0.7061,9.9636
33036,0.1569,-0.7845,9.1790
33056,0.5099,-0.3923,10.0420
33076,0.4315,-0.9414,9.8459
33096,0.3138,-0.4315,9.6890
33116,0.7061,-0.3138,10.1989
33136,0.3530,-0.5099,9.2183
33156,0.5492,-0.2746,10.0812
33176,0.3923,-0.5884,9.8067
33196,0.5099,-0.3138,9.4536
33216,0.5884,-0.2746,10.3950
33236,0.2746,-0.6669,9.2967
33256,0.7061,-0.3138,9.8067
33276,0.5099,-0.5492,9.8067
33296,0.3530,-0.4707,9.3752
33316,0.6276,-0.5099,10.3166
33336,0.2354,-0.6669,9.3752
33356,0.4315,-0.3923,9.8459
33376,0.6276,-0.5099,10.0028
33396,0.3138,-0.5884,9.2967
33416,0.6276,-0.4315,10.3166
33436,0.5492,-0.3138,10.0028
33456,0.8238,-0.1177,9.4928
33476,0.5492,-0.3923,10.0420
33496,0.4315,-0.5884,9.3359
33516,0.6276,-0.3138,10.1205
33536,0.3530,-0.6669,9.7674
33556,0.6276,-0.4707,9.4144
33576,0.5099,-0.4707,10.3166
33596,0.3530,-0.5099,9.6105
33616,0.5099,-0.4315,9.9636
33636,0.3138,-0.5884,10.0812
33656,0.4315,-0.1961,9.3359
33676,0.6669,-0.3530,10.1989
33696,0.3923,-0.6669,9.3752
33716,0.4315,-0.1569,10.1205
33736,0.4315,-0.6669,10.2381
33756,0.3530,-0.6276,8.9829
33776,0.6276,-0.2354,10.1597
33796,0.2746,-0.9807,9.6497
33816,0.4707,-0.5492,9.7674
33836,0.5884,-0.3923,10.2774
33856,0.0785,-0.8630,9.0613
33876,0.7061,-0.3923,10.0028
33896,0.2354,-0.5884,9.6890
33916,0.4315,-0.5099,9.4144
33936,0.6276,-0.5884,10.1989
33956,0.0785,-0.6276,9.5321
33976,0.5099,-0.2746,10.1989
33996,0.5884,-0.3923,9.8067
34016,0.3530,-0.4707,9.2967
34036,0.6276,-0.5492,10.3166
34056,0.3530,-0.5099,9.2183
34076,0.6276,-0.2354,9.8851
34096,0.4707,-0.6276,9.9636
34116,0.3923,-0.4315,9.2575
34136,0.5492,-0.3530,10.3166
34156,0.3138,-0.7845,9.3752
34176,0.5492,-0.2746,9.8851
34196,0.5492,-0.6276,10.1205
34216,0.3138,-0.5492,9.3359
34236,0.5099,-0.2746,10.3166
34256,0.3530,-0.5884,9.2967
34276,0.5492,-0.5884,9.4928
34296,0.3530,-0.5492,9.2575
34316,0.3138,-0.6669,9.6497
34336,0.7453,-0.1961,10.7481
34356,0.4315,-0.5099,9.3752
34376,0.2354,-0.5492,9.7674
34396,0.6276,-0.4707,9.9243
34416,0.4707,-0.5884,9.5713
34436,0.5492,-0.3138,10.1989
34456,0.4707,-0.8238,9.1790
34476,0.3530,-0.3923,10.0420
34496,0.3923,-0.6276,9.7674
34516,0.4707,-0.2354,9.4144
34536,0.3530,-0.3138,10.2381
34556,0.5099,-0.7453,9.5713
34576,0.3923,-0.4315,9.4928
34596,0.3530,-0.7061,10.0028
34616,0.1177,-0.3923,9.8459
34636,0.5884,-0.5492,9.7282
34656,0.3138,-1.0591,9.2967
34676,0.3138,-0.3138,9.6497
34696,0.5099,-0.6276,10.0420
34716,0.1177,-0.8238,9.7282
34736,0.3530,-0.3530,10.2381
34756,0.6669,-0.5884,9.2967
34776,0.4707,-0.2354,9.8459
34796,0.5099,-0.5884,10.1989
34816,0.3530,-0.5492,9.1006
34836,0.7061,-0.1569,10.0028
34856,0.4315,-0.5492,9.9243
34876,0.5492,-0.3138,9.3359
34896,0.5492,-0.4707,10.1989
34916,0.3530,-0.6276,9.5321
34936,0.5492,-0.4315,9.8459
34956,0.3923,-0.7061,9.9243
34976,0.2746,-0.4315,9.3359
34996,0.5099,-0.3530,10.1205
35016,0.3923,-0.7061,9.5713
35036,0.5099,-0.1177,9.8459
35056,0.5099,-0.4315,10.1205
35076,0.3138,-0.6669,9.2183
35096,0.5884,-0.3530,10.0028
35116,0.5099,-0.5492,9.9243
35136,0.3923,-0.3530,9.6890
35156,0.4707,-0.5099,10.0420
35176,0.4315,-0.4315,9.2183
35196,0.4707,-0.3923,10.0028
35216,0.3923,-0.5492,9.9636
35236,0.5492,-0.2746,9.5321
35256,0.7453,-0.3923,10.4735
35276,0.4315,-0.4315,9.4536
35296,0.6276,-0.1569,9.8851
35316,0.4315,-0.7453,10.1205
35336,0.5492,-0.2354,9.4144
35356,0.5099,-0.3923,10.2381
35376,0.3530,-0.8630,9.3752
35396,0.4315,-0.1569,10.0420
35416,0.2746,-0.3923,10.1205
35436,0.5492,-0.6276,9.1398
35456,0.7061,-0.2354,10.0420
35476,0.0785,-0.7845,9.3752
35496,0.7453,-0.3530,9.4928
35516,0.4707,-0.5492,10.1989
35536,-0.0392,-0.6669,9.1006
35556,0.7453,-0.3923,9.8459
35576,0.1961,-0.9807,9.6105
35596,0.2354,-0.5884,9.4536
35616,0.6276,-0.4315,9.9636
35636,0.3138,-0.5099,9.8459
35656,0.5099,-0.6276,9.7282
35676,0.3923,-0.8238,9.9243
35696,0.2354,-0.3138,9.7674
35716,0.3530,-0.5099,10.0420
35736,0.4707,-0.5884,9.5321
35756,0.4315,-0.5099,10.0028
35776,0.3138,-0.7061,9.7282
35796,0.6276,-0.3530,9.6497
35816,0.4315,-0.4315,10.0028
35836,0.2746,-0.4707,9.7282
35856,0.4315,-0.3923,9.8851
35876,0.5099,-0.5492,9.6890
35896,0.4707,-0.5492,9.7282
35916,0.4707,-0.5492,9.9636
35936,0.4707,-0.5492,9.6497
35956,0.4707,-0.3138,9.8067
